Workbook

Sheet OD_parallele_tubes
A1: Table S7: Parallel tubes OD620 (set1 of parallel tubes) & HPLC of SCFA (set2 of parallel tubes) of HGF2 and PT33 co-, mono- cultures.
A2: This table shows, set1 of parallel tubes, anaerobic growth on mZMB 1% inulin-powder for mono-monoculture of Clostridium sp. HGF2 , mono-culture of Bifidobacterium animalis lactis PT33, and co-culture of Clostridium sp. HGF2 with Bifidobacterium animalis lactis PT33 (measured with OD620 after mixing vigorously with vortex/pipetting). 2 parallel tubes were run at the same time (2 biological replicates). Samples were collected at 12 different times.
A3: "r2_failed_for_HGF2" means a failed biological replicate (for set1 of parallel tubes ) that did not start its exponential phase for HGF2-monoculture during parallel tube for growth measurements.
A5: Time [h] | B5: C. innocuum HGF2 [OD620] | D5: B. animalis lactis PT33 [OD620] | F5: Co-culture [OD620]
B6: r1 | C6: r2_failed_for_HGF2 | D6: r1 | E6: r2 | F6: r1 | G6: r2
A7: 0 | B7: 0.075 | C7: 0.075 | D7: 0.082 | E7: 0.082 | F7: 0.095333 | G7: 0.095333
A8: 2 | B8: 0.078 | C8: 0.082 | D8: 0.128 | E8: 0.122 | F8: 0.14 | G8: 0.151
A9: 4 | B9: 0.077 | C9: 0.077 | D9: 0.187 | E9: 0.169 | F9: 0.2 | G9: 0.196
A10: 6 | B10: 0.091 | C10: 0.078 | D10: 0.241 | E10: 0.219 | F10: 0.317 | G10: 0.247
A11: 8 | B11: 0.126 | C11: 0.077 | D11: 0.261 | E11: 0.237 | F11: 0.414 | G11: 0.279
A12: 32 | B12: 0.276 | C12: 0.265 | D12: 0.45 | E12: 0.594 | F12: 0.75 | G12: 0.639
A13: 35 | B13: 0.276 | C13: 0.278 | D13: 0.571 | E13: 0.693 | F13: 0.774 | G13: 0.648
A14: 43 | B14: 0.514 | C14: 0.262 | D14: 0.621 | E14: 0.66 | F14: 0.762 | G14: 0.666
A15: 45 | B15: 0.629 | C15: 0.265 | D15: 0.613 | E15: 0.701 | F15: 0.763 | G15: 0.655
A16: 47 | B16: 0.868 | C16: 0.253 | D16: 0.636 | E16: 0.653 | F16: 0.807 | G16: 0.667
A17: 49 | B17: 0.783 | C17: 0.271 | D17: 0.601 | E17: 0.616 | F17: 0.842 | G17: 0.697
A18: 51 | B18: 0.865 | C18: 0.251 | D18: 0.637 | E18: 0.752 | F18: 0.771 | G18: 0.676
B37: Supplementary Table S8 additional figure. Raw OD620 values and growth curves of parallel tubes used to monitor RNA-seq culture growth. Two parallel tubes (r1, r2) per condition. HGF2 r2 failed to enter exponential phase (highlighted in red) and was interpreted as a tube-specific manipulation problem rather than as evidence of variability among the RNA-seq cultures. The cause of this failure is unknown but is most consistent with a problem during inoculation of this specific tube, given that the parallel tubes for PT33 monoculture and co-culture (incubated and processed identically) grew concordantly. This interpretation is supported by the RNA-seq data, where the three biological replicates of HGF2 monoculture showed concordant transcriptional profiles between Time 1 (8 h) and Time 2 (45 h), including the induction of sporulation-associated genes at Time 2 characteristic of the stationary/transition phase in Clostridium spp. (see Figure 6B, PCA of HGF2 RNA-seq samples). This transcriptional progression of HGF2 monocultures confirms that the three sequenced cultures grew consistent with the growth pattern of parallel tube r1 and inconsistent with that of the failed parallel tube r2. To avoid confusion in the main figure, only r1 is shown in Figure 6A. Both plots display all replicates (r1, r2) parallel tubes for transparency, and r1 used in main text.

Sheet SCFA_parallel_tubes_HPLC
A1: Table S7: Parallel tubes OD620 (set1 of parallel tubes) & HPLC of SCFA (set2 of parallel tubes) of HGF2 and PT33 co-, mono- cultures.
A2: This table shows, set2 of parallel tubes, HPLC averaged results for butyrate, acetate, and lactate during anaerobic growth on mZMB 1% inulin-powder for mono-monoculture of Clostridium sp. HGF2 , mono-culture of Bifidobacterium animalis lactis PT33, and co-culture of Clostridium sp. HGF2 with Bifidobacterium animalis lactis PT33 (measured with OD620 after mixing vigorously with vortex/pipetting). 2 parallel tubes were run at the same time (2 biological replicates). Samples were collected at 10 different times.
A3: Abbrevations are PT33 = Bifidobacterium animalis lactis PT33; HGF2 = Clostridium sp. HGF2; Co = co-culture of Clostridium sp. HGF2 and Bifidobacterium animalis lactis PT33.
A5: Average of Butyrate (mM) | B5: Column Labels
A6: Row Labels | B6: Co | C6: HGF2 | D6: PT33 | E6: Grand Total
A7: 0 | B7: 0.036946959 | E7: 0.036946959
A8: 2 | B8: -0.234833 | C8: -0.2894 | D8: -0.2894 | E8: -0.271211
A9: 4 | B9: 0.42923642 | C9: 1.2463469 | D9: -0.2894 | E9: 0.4620611
A10: 6 | B10: 1.0041427 | C10: 1.0136973 | D10: -0.2894 | E10: 0.57614666
A11: 8 | B11: 1.0589962 | C11: 1.1903473 | D11: -0.2894 | E11: 0.65331451
A12: 23 | B12: 1.2201514 | C12: 1.276326 | D12: -0.2894 | E12: 0.73569249
A13: 32 | B13: 1.400413 | C13: 3.3875509 | D13: -0.2894 | E13: 1.4995213
A14: 43 | B14: 1.7205832 | C14: 4.7380567 | D14: -0.2894 | E14: 2.0564133
A15: 47 | C15: 1.9344376 | E15: 1.9344376
A16: 49 | B16: -0.2894 | C16: 4.2666397 | D16: -0.2894 | E16: 1.2292799
A17: Grand Total | B17: 0.74444276 | C17: 2.0937392 | D17: -0.2894 | E17: 0.87237388

Sheet HPLC_raw_data
A1: Table S7: Parallel tubes OD620 (set1 of parallel tubes) & HPLC of SCFA (set2 of parallel tubes) of HGF2 and PT33 co-, mono- cultures.
A2: This table shows, set2 of parallel tubes, HPLC results for butyrate, acetate, and lactate during anaerobic growth on mZMB 1% inulin-powder for mono-monoculture of Clostridium sp. HGF2 , mono-culture of Bifidobacterium animalis lactis PT33, and co-culture of Clostridium sp. HGF2 with Bifidobacterium animalis lactis PT33 (measured with OD620 after mixing vigorously with vortex/pipetting). 2 parallel tubes were run at the same time (2 biological replicates). Samples were collected at 10 different times.
A3: Abbrevations are PT33 = Bifidobacterium animalis lactis PT33; HGF2 = Clostridium sp. HGF2; Co = co-culture of Clostridium sp. HGF2 and Bifidobacterium animalis lactis PT33.
A5: Strain | B5: Hour | C5: Time (h) | D5: Rep | E5: Lactate (nC) | F5: Acetate (nC) | G5: Butyrate (nC) | H5: Lactate (mM) | I5: Acetate (mM) | J5: Butyrate (mM)
A6: Co | B6: 0 | C6: 0 | D6: 1 | E6: 0 | F6: 31.41305 | G6: 1.1584912 | H6: =0.1171*E6-0.0273 -> -0.0273 | I6: =0.2965*HPLC_raw_data!F6+0.1312 -> 9.4451693 | J6: =0.2817*HPLC_raw_data!G6-0.2894 -> 0.036946959
A7: Co | B7: 1 | C7: 2 | D7: 1 | E7: 0 | F7: 30.288491 | G7: 0 | H7: =0.1171*E7-0.0273 -> -0.0273 | I7: =0.2965*HPLC_raw_data!F7+0.1312 -> 9.1117375 | J7: =0.2817*HPLC_raw_data!G7-0.2894 -> -0.2894
A8: Co | B8: 1 | C8: 2 | D8: 2 | E8: 0 | F8: 29.323552 | G8: 0.38741211 | H8: =0.1171*E8-0.0273 -> -0.0273 | I8: =0.2965*HPLC_raw_data!F8+0.1312 -> 8.8256333 | J8: =0.2817*HPLC_raw_data!G8-0.2894 -> -0.18026601
A9: PT33 | B9: 1 | C9: 2 | D9: 1 | E9: 0 | F9: 26.023049 | G9: 0 | H9: =0.1171*E9-0.0273 -> -0.0273 | I9: =0.2965*HPLC_raw_data!F9+0.1312 -> 7.8470342 | J9: =0.2817*HPLC_raw_data!G9-0.2894 -> -0.2894
A10: PT33 | B10: 1 | C10: 2 | D10: 2 | E10: 0 | F10: 26.113958 | G10: 0 | H10: =0.1171*E10-0.0273 -> -0.0273 | I10: =0.2965*HPLC_raw_data!F10+0.1312 -> 7.8739886 | J10: =0.2817*HPLC_raw_data!G10-0.2894 -> -0.2894
A11: HGF2 | B11: 1 | C11: 2 | D11: 1 | E11: 0 | F11: 21.845922 | G11: 0 | H11: =0.1171*E11-0.0273 -> -0.0273 | I11: =0.2965*HPLC_raw_data!F11+0.1312 -> 6.608516 | J11: =0.2817*HPLC_raw_data!G11-0.2894 -> -0.2894
A12: HGF2 | B12: 1 | C12: 2 | D12: 2 | E12: 0 | F12: 21.725014 | G12: 0 | H12: =0.1171*E12-0.0273 -> -0.0273 | I12: =0.2965*HPLC_raw_data!F12+0.1312 -> 6.5726666 | J12: =0.2817*HPLC_raw_data!G12-0.2894 -> -0.2894
A13: Co | B13: 2 | C13: 4 | D13: 1 | E13: 0 | F13: 33.637414 | G13: 5.10214 | H13: =0.1171*E13-0.0273 -> -0.0273 | I13: =0.2965*HPLC_raw_data!F13+0.1312 -> 10.104693 | J13: =0.2817*HPLC_raw_data!G13-0.2894 -> 1.1478728
A14: Co | B14: 2 | C14: 4 | D14: 2 | E14: 0 | F14: 33.700951 | G14: 0 | H14: =0.1171*E14-0.0273 -> -0.0273 | I14: =0.2965*HPLC_raw_data!F14+0.1312 -> 10.123532 | J14: =0.2817*HPLC_raw_data!G14-0.2894 -> -0.2894
A15: PT33 | B15: 2 | C15: 4 | D15: 1 | E15: 0 | F15: 31.031246 | G15: 0 | H15: =0.1171*E15-0.0273 -> -0.0273 | I15: =0.2965*HPLC_raw_data!F15+0.1312 -> 9.3319644 | J15: =0.2817*HPLC_raw_data!G15-0.2894 -> -0.2894
A16: PT33 | B16: 2 | C16: 4 | D16: 2 | E16: 0 | F16: 31.200109 | G16: 0 | H16: =0.1171*E16-0.0273 -> -0.0273 | I16: =0.2965*HPLC_raw_data!F16+0.1312 -> 9.3820322 | J16: =0.2817*HPLC_raw_data!G16-0.2894 -> -0.2894
A17: HGF2 | B17: 2 | C17: 4 | D17: 1 | E17: 0 | F17: 21.694583 | G17: 5.6744612 | H17: =0.1171*E17-0.0273 -> -0.0273 | I17: =0.2965*HPLC_raw_data!F17+0.1312 -> 6.5636437 | J17: =0.2817*HPLC_raw_data!G17-0.2894 -> 1.3090957
... A55: HGF2 | B55: 14 | C55: 49 | D55: 2 | E55: 0 | F55: 29.279322 | G55: 6.4181221 | H55: =0.1171*E55-0.0273 -> -0.0273 | I55: =0.2965*HPLC_raw_data!F55+0.1312 -> 8.8125189 | J55: =0.2817*HPLC_raw_data!G55-0.2894 -> 1.518585

Sheet HPLC_Standards
A1: Table S7: Parallel tubes OD620 (set1 of parallel tubes) & HPLC of SCFA (set2 of parallel tubes) of HGF2 and PT33 co-, mono- cultures.
A2: This table shows, set2 of parallel tubes, HPLC standard curves for butyrate, acetate, and lactate.
A3: Abbrevations are PT33 = Bifidobacterium animalis lactis PT33; HGF2 = Clostridium sp. HGF2; Co = co-culture of Clostridium sp. HGF2 and Bifidobacterium animalis lactis PT33.
A5: Lactate | C5: Acetate | E5: Butyrate
A6: Height (nC) | B6: Concentration (mM) | C6: Height (nC) | D6: Concentration (mM) | E6: Height (nC) | F6: Concentration (mM)
A7: 94.920528 | B7: 11.101243 | C7: 112.13002 | D7: 33.304469 | E7: 177.96981 | F7: 50
A8: 47.933581 | B8: 5.5506217 | C8: 55.094253 | D8: 16.652235 | E8: 90.79735 | F8: 25
A9: 23.999021 | B9: 2.7753108 | C9: 27.654696 | D9: 8.3261174 | E9: 45.825926 | F9: 12.5
A10: 12.030456 | B10: 1.3876554 | C10: 13.875431 | D10: 4.1630587 | E10: 22.995765 | F10: 6.25
A11: 6.0143777 | B11: 0.69382771 | C11: 6.9176437 | D11: 2.1647905 | E11: 11.472613 | F11: 3.13
